http://www.bollywoodhungama.com/movie/indu-sarkar/critic-review/,Indu sarkar,http://media3.bollywoodhungama.in/wp-content/uploads/2016/12/Indu-Sarkar-4.jpg,3/5
http://www.bollywoodhungama.com/movie/mubarakan/critic-review/,Mubarakan,http://stat2.bollywoodhungama.in/wp-content/uploads/2016/06/Mubarakan-17.jpg,3/5
http://www.bollywoodhungama.com/movie/dunkirk-english/critic-review/,Dunkirk english,http://media3.bollywoodhungama.in/wp-content/uploads/2017/07/Dunkirk.jpeg,
http://www.bollywoodhungama.com/movie/munna-michael/critic-review/,Munna michael,http://media3.bollywoodhungama.in/wp-content/uploads/2017/06/Munna-Michael-6.jpg,2.5/5
http://www.bollywoodhungama.com/movie/lipstick-under-my-burkha/critic-review/,Lipstick under my burkha,http://media2.bollywoodhungama.in/wp-content/uploads/2016/03/Lipstick-Under-My-Burkha-10.jpg,3.5/5
http://www.bollywoodhungama.com/movie/jagga-jasoos/critic-review/,Jagga jasoos,http://stat2.bollywoodhungama.in/wp-content/uploads/2016/03/Jagga-Jasoos-header.jpg,2.5/5
http://www.bollywoodhungama.com/movie/guest-iin-london/critic-review/,Guest iin london,http://media2.bollywoodhungama.in/wp-content/uploads/2016/07/Guest-Iin-London-4.jpg,1.5/5
http://www.bollywoodhungama.com/movie/spider-man-homecoming/critic-review/,Spider man homecoming,http://media2.bollywoodhungama.in/wp-content/uploads/2017/03/Spider-Man-Homecoming.jpg,3.5/5
http://www.bollywoodhungama.com/movie/mom/critic-review/,Mom,http://media1.bollywoodhungama.in/wp-content/uploads/2016/04/Mom-212-RAW.jpg,4.0/5
http://www.bollywoodhungama.com/movie/transformers-last-knight-english/critic-review/,Transformers last knight english,http://media2.bollywoodhungama.in/wp-content/uploads/2017/06/Transformers-The-Last-Knight.jpg,2.0/5
http://www.bollywoodhungama.com/movie/tubelight/critic-review/,Tubelight,http://media2.bollywoodhungama.in/wp-content/uploads/2016/04/Tubelight-17.jpg,3/5
http://www.bollywoodhungama.com/movie/bankchor/critic-review/,Bankchor,http://media3.bollywoodhungama.in/wp-content/uploads/2016/03/Bank-Chor-1.jpg,1/5
http://www.bollywoodhungama.com/movie/raabta/critic-review/,Raabta,http://media3.bollywoodhungama.in/wp-content/uploads/2016/03/Raabta-18.jpg,2.5/5
http://www.bollywoodhungama.com/movie/behen-hogi-teri/critic-review/,Behen hogi teri,http://media3.bollywoodhungama.in/wp-content/uploads/2016/10/Behen-Hogi-Teri-7.jpg,2.5/5
http://www.bollywoodhungama.com/movie/wonder-woman-english/critic-review/,Wonder woman english,http://stat3.bollywoodhungama.in/wp-content/uploads/2017/06/Wonder-Woman-Eng-movie.jpg,3.5/5
http://www.bollywoodhungama.com/movie/hanuman-da-damdaar/critic-review/,Hanuman da damdaar,http://media1.bollywoodhungama.in/wp-content/uploads/2017/04/Hanuman-Da-Damdaar-3-1.jpg,2.5/5
http://www.bollywoodhungama.com/movie/baywatch-english/critic-review/,Baywatch english,http://media3.bollywoodhungama.in/wp-content/uploads/2016/04/Baywatch-3.jpg,
http://www.bollywoodhungama.com/movie/dobaara-see-your-evil/critic-review/,Dobaara see your evil,,2.5/5
http://www.bollywoodhungama.com/movie/half-girlfriend/critic-review/,Half girlfriend,http://media2.bollywoodhungama.in/wp-content/uploads/2016/03/Half-Girlfriend1-2.jpg,2/5
http://www.bollywoodhungama.com/movie/hindi-medium/critic-review/,Hindi medium,http://media2.bollywoodhungama.in/wp-content/uploads/2017/04/Hoor-Hindi-Medium.jpg,4.0/5
http://www.bollywoodhungama.com/movie/alien-covenant-english/critic-review/,Alien covenant english,http://media2.bollywoodhungama.in/wp-content/uploads/2017/04/Alien-Covenant-English.jpg,
http://www.bollywoodhungama.com/movie/meri-pyaari-bindu/critic-review/,Meri pyaari bindu,http://media2.bollywoodhungama.in/wp-content/uploads/2016/03/Meri-Pyaari-Bindu-Review-1.jpg,2/5
http://www.bollywoodhungama.com/movie/sarkar-3/critic-review/,Sarkar 3,http://stat2.bollywoodhungama.in/wp-content/uploads/2016/04/SARKAR_Review-1.jpg,3.0/5
http://www.bollywoodhungama.com/movie/bahubali-theconclusion/critic-review/,Bahubali theconclusion,http://media1.bollywoodhungama.in/wp-content/uploads/2017/03/Bahubali-2-The-Conclusion.jpg,2.5/5
http://www.bollywoodhungama.com/movie/noor/critic-review/,Noor,http://media3.bollywoodhungama.in/wp-content/uploads/2016/06/Noor-7.jpg,2.5/5
http://www.bollywoodhungama.com/movie/begum-jaan/critic-review/,Begum jaan,http://media3.bollywoodhungama.in/wp-content/uploads/2016/04/Begum-Jaan-.jpg,2.5/5
http://www.bollywoodhungama.com/movie/fate-furious-english/critic-review/,Fate furious english,http://stat2.bollywoodhungama.in/wp-content/uploads/2017/04/Fast-And-Furious-81.jpg,2/5
http://www.bollywoodhungama.com/movie/naam-shabana/critic-review/,Naam shabana,http://stat2.bollywoodhungama.in/wp-content/uploads/2016/09/Naam-Shabana-13.jpg,3.0/5
http://www.bollywoodhungama.com/movie/phillauri/critic-review/,Phillauri,http://media3.bollywoodhungama.in/wp-content/uploads/2016/04/phillaurinew.jpg,3.0/5
http://www.bollywoodhungama.com/movie/machine/critic-review/,Machine,http://stat2.bollywoodhungama.in/wp-content/uploads/2016/05/Machine-1.jpg,1.0/5
http://www.bollywoodhungama.com/movie/beauty-beast-english/critic-review/,Beauty beast english,http://stat3.bollywoodhungama.in/wp-content/uploads/2017/03/Beauty-and-the-Beast-1.jpg,
http://www.bollywoodhungama.com/movie/badrinath-ki-dulhania/critic-review/,Badrinath ki dulhania,http://stat3.bollywoodhungama.in/wp-content/uploads/2016/04/Badrinath-Ki-Dulhania-2-2.jpg,3.5/5
http://www.bollywoodhungama.com/movie/commando-2/critic-review/,Commando 2,http://media1.bollywoodhungama.in/wp-content/uploads/2016/04/Commando-2-2-1.jpg,2/5
http://www.bollywoodhungama.com/movie/logan-english/critic-review/,Logan english,http://media3.bollywoodhungama.in/wp-content/uploads/2017/03/Logan-2017-Movie-poster.jpg,
http://www.bollywoodhungama.com/movie/rangoon/critic-review/,Rangoon,http://stat3.bollywoodhungama.in/wp-content/uploads/2017/01/Rangoon-04.jpg,2/5
http://www.bollywoodhungama.com/movie/running-shaadi/critic-review/,Running shaadi,http://stat2.bollywoodhungama.in/wp-content/uploads/2016/03/Running-Shaadi-Reviews.jpg,3.0/5
http://www.bollywoodhungama.com/movie/the-ghazi-attack/critic-review/,The ghazi attack,http://media1.bollywoodhungama.in/wp-content/uploads/2016/12/The-Ghazi-Attack-2.jpg,4/5
http://www.bollywoodhungama.com/movie/jolly-llb-2/critic-review/,Jolly llb 2,http://media3.bollywoodhungama.in/wp-content/uploads/2016/03/JoLLy-LLB-2-9.jpg,3.5/5
http://www.bollywoodhungama.com/movie/raees-2/critic-review/,Raees 2,http://media1.bollywoodhungama.in/wp-content/uploads/2016/03/Raees1-1.jpg,2.5/5
http://www.bollywoodhungama.com/movie/kaabil/critic-review/,Kaabil,http://media2.bollywoodhungama.in/wp-content/uploads/2016/03/Kaabil-1-3.jpg,3/5
http://www.bollywoodhungama.com/movie/xxx-the-return-of-xander-cage-english/critic-review/,Xxx the return of xander cage english,http://media1.bollywoodhungama.in/wp-content/uploads/2016/12/xXx-The-Return-of-Xander-Cage-English-1.jpg,2.0/5
http://www.bollywoodhungama.com/movie/ok-jaanu/critic-review/,Ok jaanu,http://stat2.bollywoodhungama.in/wp-content/uploads/2017/01/Ok-Jaanu-2.jpg,3/5
http://www.bollywoodhungama.com/movie/dangal/critic-review/,Dangal,http://media2.bollywoodhungama.in/wp-content/uploads/2016/03/Dangal-1.jpg,4.5/5
http://www.bollywoodhungama.com/movie/rogue-one-star-wars-story/critic-review/,Rogue one star wars story,http://media2.bollywoodhungama.in/wp-content/uploads/2016/12/Rogue-One-A-Star-Wars-Story.jpg,2/5
http://www.bollywoodhungama.com/movie/wajah-tum-ho/critic-review/,Wajah tum ho,http://stat3.bollywoodhungama.in/wp-content/uploads/2016/11/Wajah-Tum-Ho.jpg,2.0/5
http://www.bollywoodhungama.com/movie/befikre/critic-review/,Befikre,http://media1.bollywoodhungama.in/wp-content/uploads/2016/09/Befikre-02.jpg,3/5
http://www.bollywoodhungama.com/movie/moana-english/critic-review/,Moana english,http://media2.bollywoodhungama.in/wp-content/uploads/2016/11/Moana.jpg,
http://www.bollywoodhungama.com/movie/kahaani-2/critic-review/,Kahaani 2,http://stat2.bollywoodhungama.in/wp-content/uploads/2016/10/Kahaani-2-3.jpg,3.5/5
http://www.bollywoodhungama.com/movie/dear-zindagi/critic-review/,Dear zindagi,http://media2.bollywoodhungama.in/wp-content/uploads/2016/05/Dear-Zindagi-2.jpg,2/5
http://www.bollywoodhungama.com/movie/fantastic-beasts-find-english/critic-review/,Fantastic beasts find english,http://media2.bollywoodhungama.in/wp-content/uploads/2016/11/Fantastic-Beasts-and-Where-to-Find-Them-3.jpg,1.0/5
